Urls,Co,NB,NN,RF,SV,domain
www.frontiersin.org/articles/10.3389/fmars.2017.00059,0.392137147,4,3.958351521,3.88,4,www.frontiersin.org
www.mdpi.com/rss/journal/geosciences,0.613926787,4,1.920045509,3.44,1,www.mdpi.com
academic.oup.com/icesjms/article/70/6/1220/635452,0.355275654,1.087992863,1.003264761,3.41,2.5,academic.oup.com
academic.oup.com/icesjms/article/71/4/867/666460,0.349715407,4,2.000097314,3.38,1,academic.oup.com
www.wmo.int/pages/prog/amp/mmop/documents/dbcp/Dbcp30/Abstracts.html,0.431082048,2.999966076,2.67842213,3.37,3,www.wmo.int
academic.oup.com/icesjms/article/72/3/1057/690224,0.433139731,4,3.000889472,3.27,4,academic.oup.com
www.frontiersin.org/articles/10.3389/fmars.2018.00066,0.414795985,4,2.911641806,3.25,2.5,www.frontiersin.org
www.frontiersin.org/articles/10.3389/fmars.2017.00277,0.463788795,2.72089241,2.418324093,3.22,2.5,www.frontiersin.org
academic.oup.com/icesjms/article/72/5/1399/765328,0.358900628,1.000019745,3.77342953,3.21,4,academic.oup.com
www.frontiersin.org/articles/10.3389/fmars.2017.00295,0.351656631,2.401732506,3.222142354,3.2,3,www.frontiersin.org
www.wmo.int/pages/prog/www/OSY/Reports/ET-AWS-6_Geneva_2010_REV.doc,0.543729827,4,3.855364672,3.18,1,www.wmo.int
www.wmo.int/pages/prog/amp/mmop/glossary.html,0.400933612,4,3.953899264,3.17,4,www.wmo.int
www.wmo.int/pages/prog/www/tcp/linkedfiles/TCC-22_TechnicalPlan_DRAFT_Sych_Cmr_Mlwi_MRU_MADA_Btswn_Swzlnd_SA_TNZ_AsOf12September.docx,0.458244854,4,3.01300429,3.17,4,www.wmo.int
academic.oup.com/icesjms/article/72/4/1201/801387,0.351874126,4,3.989703321,3.16,4,academic.oup.com
academic.oup.com/icesjms/article/72/3/863/698697,0.438430951,2.99937791,1.176397064,3.16,4,academic.oup.com
www.frontiersin.org/articles/10.3389/fmars.2016.00283,0.47888049,4,1.728141031,3.15,2.5,www.frontiersin.org
www.jamstec.go.jp/e/about/organization,0.277742357,3.999999744,2.834079725,3.15,3,www.jamstec.go.jp
www.wmo.int/pages/prog/www/OSY/Meetings/IPET-WIFI-SG-RM-1/INF_5_Guide_to_GOS_488-Ed-2010-Update-2013_en_IZ.docx,0.533228639,4,3,3.14,2.5,www.wmo.int
www.wmo.int/pages/prog/www/DPFS/Meetings/ICT-DPFS_Geneva2018/documents/Doc-9_Manual_on_GDPFS-rev.doc,0.31984012,1.000237132,3.286980304,3.13,4,www.wmo.int
academic.oup.com/icesjms/article/71/1/118/641481,0.300891532,0.804978301,3.75729361,3.13,4,academic.oup.com
academic.oup.com/icesjms/article/72/5/1610/755146,0.335029697,2.96432549,3.280182704,3.13,3.5,academic.oup.com
www.wmo.int/pages/prog/www/ISS/Meetings/IPET-DRC_Geneva2009/Report/Report_IPETDRC-I_Geneva2009.doc,0.574240633,4,3.046827608,3.12,1,www.wmo.int
academic.oup.com/icesjms/article/69/1/89/671867,0.428826051,1,2.867685193,3.11,2.5,academic.oup.com
www.jamstec.go.jp/e/about/research,0.277972293,3.994160194,2.754572793,3.1,3,www.jamstec.go.jp
eurogoos.eu/news,0.318759291,2.009820657,3.958781994,3.1,3.5,eurogoos.eu
academic.oup.com/icesjms/article/75/1/210/4091481,0.406283505,1.999945655,3.452289573,3.1,4,academic.oup.com
www.wmo.int/pages/prog/amp/mmop/mmroa_reports.html,0.331292175,1.99208236,3.396500994,3.1,4,www.wmo.int
academic.oup.com/icesjms/article/64/4/768/639621,0.377127341,2.065214724,1.307819354,3.09,4,academic.oup.com
www.wmo.int/pages/prog/www/OSY/Meetings/ICT-IOS8/documents/ICT-IOS8-Doc-6.7-R-MAR.doc,0.430070988,4,3.997399343,3.08,4,www.wmo.int
www.wmo.int/pages/prog/www/OSY/Meetings/ICT-IOS7/documents/ICT-IOS-7-Doc.4.3_Marine-Obs.doc,0.434909921,3,3.285345041,3.08,2.5,www.wmo.int
academic.oup.com/icesjms/article/69/2/240/702914,0.426942768,1,1.899388325,3.08,2.5,academic.oup.com
www.wmo.int/pages/prog/www/OSY/Meetings/IPET-WIFI-SG-RM-1/INF_6_1160_en_final_clean.docx,0.494348768,4,2.949418905,3.08,2.5,www.wmo.int
www.wmo.int/pages/prog/www/tcp/documents/hc-36_d07.1_meteo.doc,0.419424592,2.000014114,2.944966824,3.07,4,www.wmo.int
www.wmo.int/pages/prog/www/WDM/reports/RA5-PIW-3.html,0.414509568,3.017164483,2.602602277,3.07,4,www.wmo.int
eurogoos.eu/category/archive/page/10,0.408038448,1.96093763,3.022904273,3.07,3,eurogoos.eu
academic.oup.com/icesjms/article/70/6/1273/637166,0.342792796,1.995580076,3.083835757,3.05,4,academic.oup.com
academic.oup.com/icesjms/article/69/9/1646/640360,0.312071208,1.999999997,3.489253787,3.05,4,academic.oup.com
eurogoos.eu/projects,0.423678068,1.069512305,2.365626561,3.05,3,eurogoos.eu
academic.oup.com/icesjms/article/74/1/406/2444580,0.336631306,1.999999994,3.651334008,3.04,3.5,academic.oup.com
academic.oup.com/conphys/article/4/1/cow060/2660838,0.517399998,2.000029154,2.458557594,3.03,2.5,academic.oup.com
eurogoos.eu/category/archive/page/2,0.407345418,1.006481665,3.130716293,3.02,3,eurogoos.eu
www.frontiersin.org/articles/10.3389/fmars.2017.00422,0.387892621,3.90599765,2.605089459,3.02,3,www.frontiersin.org
www.wmo.int/pages/prog/www/WIGOS-WIS/reports/ICG-WIGOS-2_Final-Report_Geneva_2013.doc,0.509201269,4,3.001495776,3.01,4,www.wmo.int
www.wmo.int/pages/prog/www/ISS/Meetings/RAV_PIW_Hawaii2009/Report-RAV-WG-PIW-Dec2009.doc,0.525300387,3.999995472,2.796978665,3.01,4,www.wmo.int
eurogoos.eu/animal-borne-instruments,0.433069036,1.916716294,2.488954195,3.01,3,eurogoos.eu
www.jamstec.go.jp/maritec/e/ships/observation,0.344501551,1,2.24677538,3.01,4,www.jamstec.go.jp
academic.oup.com/icesjms/article/64/1/18/648568,0.518544973,1,1.100906987,3.01,1,academic.oup.com
www.wmo.int/pages/prog/www/ISS/Meetings/ICM-MTN_ET-OI_Geneva2008/documents/WIS-ProjectPlan-v0-6.doc,0.439137468,4,2.989243591,3,4,www.wmo.int
academic.oup.com/icesjms/article/69/1/41/671474,0.426258148,2.980676432,3.98118667,2.99,2.5,academic.oup.com
eurogoos.eu/2017/04/04/engaging-industry-use-sharing-european-marine-data-new-guide-released,0.386070423,1.947278891,3.115007908,2.99,3,eurogoos.eu
www.wmo.int/pages/prog/arep/wwrp/new/wwosc/Presentations_wwosc_18082014.html,0.307777673,1.998519777,2.939080032,2.99,3,www.wmo.int
www.wmo.int/pages/prog/www/OSY/Meetings/IPET-WIFI-SG-RM-1/INF_4_Manual_on_GOS_544_en.docx,0.421801349,4,2.769791703,2.99,1,www.wmo.int
eurogoos.eu/high-frequency-radar-task-team,0.440348017,1.527022593,2.050142192,2.99,3,eurogoos.eu
link.springer.com/article/10.1007/s00773-015-0355-9,0.323237413,1.831543024,3.792784731,2.98,4,link.springer.com
eurogoos.eu/2017/06/06/eurogoos-general-assembly-2017-main-highlights-2,0.410325903,1.665525722,2.616567986,2.98,3,eurogoos.eu
www.wmo.int/pages/prog/amp/mmop/documents/JCOMM-TR/J-TR-4-VOS-Framework-Document/JCOMM-TR-4-VOS-Framework-Document-REV2.doc,0.385752953,1.000000037,3.831575818,2.97,4,www.wmo.int
eurogoos.eu/columbus,0.443121717,1.722796925,2.712799037,2.97,3,eurogoos.eu
www.wmo.int/pages/prog/www/OSY/Reports/ICT-IOS6-Geneva2010.doc,0.457107786,4,3.014436249,2.96,4,www.wmo.int
eurogoos.eu/2014/04/11/joint-eurogoos-emodnet-workshop-emd2014-bremen,0.421575758,1.059467697,2.532639445,2.96,3,eurogoos.eu
www.wmo.int/pages/prog/www/OSY/Meetings/ET-EGOS_Geneva2007/Doc7-2-6.doc,0.426491558,4,3.982616325,2.96,2.5,www.wmo.int
academic.oup.com/icesjms/article/72/3/997/686282,0.464187629,4,3.060560244,2.96,4,academic.oup.com
eurogoos.eu/category/current/page/3,0.358414586,2.177330344,3.555296055,2.95,3,eurogoos.eu
www.wmo.int/pages/prog/www/OSY/Meetings/ICT-IOS6/Doc.4.4.doc,0.375610626,2,3.412307992,2.95,4,www.wmo.int
www.jamstec.go.jp/e/about/press_release/20080307,0.359794462,2.001888566,2.332785543,2.95,3,www.jamstec.go.jp
eurogoos.eu/4209-2,0.458869166,1.000000839,2.238173903,2.94,3,eurogoos.eu
academic.oup.com/icesjms/article/73/5/1386/2240665,0.286639103,2.000000006,3.350395249,2.93,3,academic.oup.com
www.wmo.int/pages/prog/www/OSY/Meetings/ET-EGOS_Geneva2011/documents/ET-EGOS-6-Doc-6.5-GCOS.doc,0.44439432,4,2.961602871,2.93,2.5,www.wmo.int
eurogoos.eu/careers/scientific-officer-at-eurogoos-secretariat,0.396862697,1.751205848,2.895621605,2.93,3,eurogoos.eu
eurogoos.eu/scientific-officer-at-eurogoos-secretariat,0.396862697,1.751205848,2.895621605,2.93,3,eurogoos.eu
www.frontiersin.org/articles/10.3389/fmars.2018.00005,0.474010505,3.999994064,1.600807532,2.93,2.5,www.frontiersin.org
link.springer.com/article/10.1007/s12237-012-9561-4/fulltext.html,0.369205279,0.999970009,1.008741775,2.93,0,link.springer.com
link.springer.com/article/10.1007/s12237-015-0041-5/fulltext.html,0.493972382,1.00000057,3.523261899,2.93,2.5,link.springer.com
www.jamstec.go.jp/e/database,0.389674804,1.000000786,2.508225316,2.93,3,www.jamstec.go.jp
www.jamstec.go.jp/j/about/press_release/20131206,0.335882553,1.97977035,2.107123753,2.93,3,www.jamstec.go.jp
www.jamstec.go.jp/e/about/press_release/20131021,0.574346001,2,1.615355339,2.93,1,www.jamstec.go.jp
www.fao.org/docrep/009/a0337e/A0337E05.htm,0.475461489,2.721086448,1.490948851,2.93,1,www.fao.org
academic.oup.com/icesjms/article/69/1/119/670723,0.471443267,1.00191286,3.0636362,2.92,4,academic.oup.com
www.wmo.int/pages/prog/www/WMOCodes/WMO306_vI2/LatestVERSION/WMO306_vI2_BUFRCREX_CodeFlag_en.docx,0.525192632,4,2.775983575,2.92,1,www.wmo.int
www.wmo.int/pages/prog/www/IMOP/meetings/EdBd-1/49_I_en_LCP_2017_IZ_v0.1_2017-11-23_for_EdBd.docx,0.425655698,4,3.000185612,2.91,4,www.wmo.int
eurogoos.eu/member-product/coriolis,0.43204938,1.606068292,2.412459783,2.91,3,eurogoos.eu
academic.oup.com/icesjms/article/67/1/1/595103,0.291481061,2.000039174,3.485643553,2.9,3.5,academic.oup.com
www.frontiersin.org/journals/655,0.343559587,1.999659025,3.118938539,2.9,3,www.frontiersin.org
www.frontiersin.org/journals/marine-science,0.343559587,1.999659025,3.118938539,2.9,3,www.frontiersin.org
www.wmo.int/pages/prog/www/tcp/linkedfiles/d.06.1.1_GOS_en.docx,0.357949827,2.000000182,2.737319214,2.9,4,www.wmo.int
eurogoos.eu/events/eoos-event-european-parliament,0.399542928,1.631652517,2.314114643,2.9,3,eurogoos.eu
www.frontiersin.org/articles/10.3389/fmicb.2018.00554,0.553205402,2.016319665,3.258385688,2.89,1,www.frontiersin.org
www.wmo.int/pages/prog/www/ISS/Meetings/IPET-DRC_Exeter2012/Report/Report_IPETDRC-IV_Exeter2012.doc,0.572749533,4,3.000035727,2.89,1,www.wmo.int
www.wmo.int/pages/prog/www/IMOP/meetings/EdBd-1/1160_en_2017_draft-v.03_2018-01-19_for_EdBd.docx,0.472667809,4,3.000003422,2.89,2.5,www.wmo.int
eurogoos.eu/data-management-exchange-quality-working-group-data-meq,0.434958836,1.000465269,2.400623388,2.89,3,eurogoos.eu
eurogoos.eu/increasing-eurogoos-awareness/working-groups/data-management-exchange-quality-working-group-data-meq,0.434958836,1.000465269,2.400623388,2.89,3,eurogoos.eu
www.fao.org/docrep/009/a0337e/A0337E03.htm,0.450471414,2.01797638,1.018369651,2.89,1,www.fao.org
link.springer.com/article/10.1007/s12237-010-9316-z,0.444446248,2.001413699,3.296417941,2.88,4,link.springer.com
link.springer.com/article/10.1007/s12237-017-0260-z,0.34507635,2,3.887884347,2.87,4,link.springer.com
www.wmo.int/pages/prog/www/IMOP/publications/IOM-104_TECO-2010/P5_18_Scott_UK.doc,0.326687808,3.000017874,3.074146477,2.86,3,www.wmo.int
www.wmo.int/pages/prog/www/IMOP/meetings/EdBd-1/544_en_2017_draft-transition_IZ_v0.7_2018-01-18_for_EdBd.docx,0.411306488,4,2.998327262,2.86,2.5,www.wmo.int
link.springer.com/article/10.1007/BF02803361,0.452267017,1.757270622,1.755880008,2.86,2,link.springer.com
www.wmo.int/pages/prog/sat/glossary_en.php,0.435302721,4,1.197038123,2.86,3,www.wmo.int
academic.oup.com/icesjms/article/74/1/398/2674180,0.320082831,2.004165295,3.854108137,2.85,3.5,academic.oup.com
www.frontiersin.org/articles/10.3389/fmars.2018.00037,0.377777192,1.204792293,2.908026347,2.85,3,www.frontiersin.org
eurogoos.eu/member/portuguese-institute-ocean-atmosphere-ipma,0.413223155,1.905613556,2.436100835,2.85,3,eurogoos.eu
link.springer.com/article/10.1007/s12237-015-0057-x,0.458694393,1.000000012,1.995419318,2.85,1,link.springer.com
www.fao.org/docrep/009/a0337e/A0337E14.htm,0.334920565,1.000002468,1.035332128,2.85,2.5,www.fao.org
www.frontiersin.org/articles/10.3389/fmars.2018.00091,0.294101478,2.182150018,3.114772151,2.84,3,www.frontiersin.org
link.springer.com/article/10.1007/s12237-017-0238-x/fulltext.html,0.480761974,1.000000139,2.532514971,2.84,4,link.springer.com
www.frontiersin.org/articles/10.3389/fmars.2018.00105,0.436101402,3.999659758,3.652175621,2.84,4,www.frontiersin.org
academic.oup.com/icesjms/article/70/6/1263/638484,0.330575466,1.851990379,3.366401758,2.84,4,academic.oup.com
www.fao.org/docrep/meeting/009/j5032e.htm,0.404917195,1.919592955,3.264372118,2.84,4,www.fao.org
academic.oup.com/icesjms/article/70/6/1181/636413,0.398241836,2.000478102,3.226817254,2.84,4,academic.oup.com
www.wmo.int/pages/prog/www/tcp/documents/DOC.5.1_MET_COMPONENT_ptc41.doc,0.362215953,2.001192259,2.782861044,2.84,4,www.wmo.int
www.frontiersin.org/articles/10.3389/fmars.2018.00089,0.451487199,2,3.716838353,2.83,4,www.frontiersin.org
academic.oup.com/icesjms/advance-article/doi/10.1093/icesjms/fsy022/4961487,0.329435972,2,1.823650474,2.83,3,academic.oup.com
www.wmo.int/pages/prog/www/OSY/Meetings/IPET-OSDE1/documents/IPET-OSDE1-Doc-7.3.2(6)-SoG-Ocean.doc,0.349426516,4,3.995129668,2.83,2.5,www.wmo.int
academic.oup.com/mollus/article/84/1/12/4599939,0.409195909,1.999465663,3.460878226,2.83,4,academic.oup.com
www.fao.org/fishery/xml/facp/132/en,0.407642131,1.879640098,3.136530528,2.83,4,www.fao.org
www.wmo.int/pages/prog/www/OSY/Meetings/ET-EGOS_Geneva2007/Doc9-1.doc,0.403249663,3.999999883,2.938213091,2.83,2.5,www.wmo.int
eurogoos.eu/2015/03/17/ocean-technology-summer-school-6-10-july-univ-of-algarve,0.405839725,1.884203899,2.435652289,2.83,3,eurogoos.eu
eurogoos.eu/2015/02/19/hf-radar-special-session-egu-2015-vienna,0.412514324,1.863220405,2.403825759,2.83,3,eurogoos.eu
www.mdpi.com/2072-4292/10/1/14/htm,0.419663186,4,2.580093193,2.83,0,www.mdpi.com
academic.oup.com/icesjms/article/74/3/759/2447882,0.368180082,3.000000141,3.996779839,2.82,4,academic.oup.com
www.frontiersin.org/articles/10.3389/fmars.2017.00229,0.445022686,1.000000002,3.779166339,2.82,2.5,www.frontiersin.org
academic.oup.com/icesjms/article/69/9/1656/636674,0.402574384,1.999932407,2.649194774,2.82,4,academic.oup.com
eurogoos.eu/2015/06/22/6-job-opportunities-in-oceanography,0.421575758,1.53684197,2.579232378,2.82,3,eurogoos.eu
www.wmo.int/pages/prog/www/OSY/Meetings/ET-EGOS_Geneva2009/documents/ET-EGOS5-Doc-10.2-EGOS-IP-Action-Sheet.doc,0.435094961,4,2.52834125,2.82,1,www.wmo.int
eurogoos.eu/member/ifremer,0.411938468,1.786227462,2.295087834,2.82,3,eurogoos.eu
eurogoos.eu/2015/04/28/first-emodnet-open-conference-oostende-20-october,0.369405677,1.770141299,2.978362978,2.82,3,eurogoos.eu
www.mdpi.com/1424-8220/12/10/13583/htm,0.537550964,2.000008712,2.896500038,2.82,4,www.mdpi.com
eurogoos.eu/2015/02/05/job-opening-at-emodnet-secretariat,0.385758375,1.711936114,2.794661397,2.82,3,eurogoos.eu
www.wmo.int/pages/prog/www/WMOCodes/WMO306_vI2/LatestVERSION/WMO306_vI2_CommonTable_en.docx,0.524900784,4,1.001071283,2.82,2.5,www.wmo.int
eurogoos.eu/category/archive/page/7,0.384726905,1.938485512,2.31302833,2.81,3,eurogoos.eu
academic.oup.com/icesjms/article/74/7/1990/3958176,0.294368001,2.000000067,3.998859696,2.81,4,academic.oup.com
www.wmo.int/pages/prog/amp/mmop/jcomm_partnership_en.html,0.302529023,1.675883052,3.412620546,2.81,4,www.wmo.int
www.frontiersin.org/articles/10.3389/feart.2017.00011,0.447387636,2.000000009,2.93148314,2.81,1,www.frontiersin.org
www.wmo.int/pages/prog/amp/mmop/documents/JCOMM-TR/J-TR-SOT-ANN-2016/linkedfiles/SOT-9-Doc_8.2.2_Automation_FINAL_ONE.docx,0.403822704,1.000000524,2.484953783,2.81,4,www.wmo.int
www.wmo.int/pages/prog/amp/mmop/background.html,0.333012296,1.956483826,3.658562127,2.8,4,www.wmo.int
www.jamstec.go.jp/jcoml/c5news.html,0.290593612,2.002858021,3.428556269,2.8,3.5,www.jamstec.go.jp
academic.oup.com/icesjms/article/72/5/1285/759512,0.298660431,4,3.067402317,2.8,4,academic.oup.com
www.jamstec.go.jp/e/about/recruit,0.258816747,4,2.9964679,2.8,3,www.jamstec.go.jp
www.jamstec.go.jp/teams/e/project.html,0.32984435,1.992125328,2.856709437,2.8,3,www.jamstec.go.jp
www.frontiersin.org/articles/10.3389/fmars.2018.00092,0.427758545,1.999832676,3.313687334,2.8,4,www.frontiersin.org
www.mdpi.com/2220-9964/4/3/1569/htm,0.539651891,4,2.874645163,2.8,1,www.mdpi.com
www.wmo.int/pages/prog/www/ISS/Meetings/PIW-RA3_Asuncion2010/documents/doc511.doc,0.494953477,1.149222243,2.831366305,2.8,4,www.wmo.int
www.jamstec.go.jp/d_seg/e/seminar/2017.html,0.40730654,2.083765206,2.344548965,2.8,3,www.jamstec.go.jp
www.fao.org/fishery/facp/132/en,0.383361778,1.98703702,3.094633021,2.79,4,www.fao.org
eurogoos.eu/member-product/poseidon-hcmr,0.43643578,1.583878547,2.237608927,2.79,3,eurogoos.eu
academic.oup.com/icesjms/article/75/1/361/3931851,0.510278912,1.000000036,1.020074718,2.79,1,academic.oup.com
eurogoos.eu/category/archive,0.367182141,1.987619906,3.505981274,2.78,3,eurogoos.eu
eurogoos.eu/category/archive/page/1,0.370055779,1.987078175,3.4823585,2.78,3,eurogoos.eu
eurogoos.eu/category/archive/page/3,0.394180354,1.94106115,2.720939066,2.78,3,eurogoos.eu
www.frontiersin.org/articles/10.3389/fmars.2018.00094,0.330529576,2.046654086,3.180184012,2.78,4,www.frontiersin.org
academic.oup.com/icesjms/advance-articles,0.291935837,2.000000002,2.999997744,2.78,3,academic.oup.com
eurogoos.eu/atlantos,0.415269767,1.841805566,2.311075228,2.78,3,eurogoos.eu
academic.oup.com/icesjms/article/68/1/1/631462,0.299548264,1.969737018,3.398595807,2.77,4,academic.oup.com
eurogoos.eu/about-eurogoos/goals,0.407361231,1.864541762,2.36072609,2.77,3,eurogoos.eu
academic.oup.com/icesjms/article/69/2/213/705009,0.451270753,1.992854971,2.167466715,2.77,1,academic.oup.com
www.fao.org/DOCREP/006/Y4691B/y4691b01.htm,0.400483415,2.009414711,1.134165021,2.77,1,www.fao.org
academic.oup.com/icesjms/article/64/1/160/647013,0.488967467,2.00008341,2.53137002,2.77,4,academic.oup.com
eurogoos.eu/2014/05/14/proceedings-sopot,0.429197538,1.34781164,2.414482489,2.77,3,eurogoos.eu
academic.oup.com/conphys/article/2951773,0.369932439,2,3.869852806,2.76,4,academic.oup.com
academic.oup.com/bioscience/article/68/2/125/4797265,0.244353941,2.000004283,3.380357664,2.76,3.5,academic.oup.com
www.fao.org/docrep/008/y5984e/y5984e0j.htm,0.344049372,1.999738873,3.37686406,2.76,4,www.fao.org
eurogoos.eu/2015/04/29/copernicus-marine-service-workshop-to-be-held-in-brussels,0.400500939,1.615302755,2.77313406,2.76,3,eurogoos.eu
www.jamstec.go.jp/e/whatsnew/2017.html,0.281210397,2.906433881,2.513344575,2.76,3,www.jamstec.go.jp
eurogoos.eu/2017/05/18/sea-level-measurements-eurogoos-note-policymakers-released-emd-2017,0.426655168,1.867127639,2.422083871,2.76,3,eurogoos.eu
www.jamstec.go.jp/e/database/simulation.html,0.364646449,1.573314221,2.397051889,2.76,3,www.jamstec.go.jp
link.springer.com/article/10.1007/s12237-016-0127-8,0.356678928,3.661492964,3.305465849,2.76,2.5,link.springer.com
academic.oup.com/icesjms/article/64/1/141/647906,0.437038177,1.998388916,3.136636437,2.76,4,academic.oup.com
eurogoos.eu/task-teams,0.40722546,1.85132458,2.586387254,2.76,3,eurogoos.eu
link.springer.com/article/10.1007/s12237-008-9064-5/fulltext.html,0.473292606,2.000000207,1.448885855,2.76,4,link.springer.com
www.frontiersin.org/articles/10.3389/fmars.2017.00094,0.42598084,2.098939006,3.169384265,2.75,2.5,www.frontiersin.org
www.jamstec.go.jp/res/ress/sasaoka/e,0.372074494,1.321491593,2.293656733,2.75,3,www.jamstec.go.jp
academic.oup.com/icesjms/article/71/4/821/668488,0.490713287,1.000000377,3.530207541,2.75,2.5,academic.oup.com
eurogoos.eu/2016/10/17/european-open-access-marine-data-untapped-resource-summary-seatech-workshop-smes,0.318707547,1.997590951,3.47195334,2.75,3,eurogoos.eu
www.mdpi.com/2072-4292/10/1/67/htm,0.441420924,4,2.660844051,2.75,4,www.mdpi.com
eurogoos.eu/category/uncategorized,0.405129098,1.88318015,2.542286559,2.75,3,eurogoos.eu
link.springer.com/article/10.1007/s12237-016-0200-3,0.32941904,2,2.334622026,2.75,1,link.springer.com
eurogoos.eu/2010/03/25/eurogoos-on-the-goos-stand-at-oi10,0.422577127,1.799312261,2.299177105,2.75,3,eurogoos.eu
www.frontiersin.org/journals/655/sections/793,0.320735687,1.983674483,2.9828074,2.74,3,www.frontiersin.org
www.frontiersin.org/journals/marine-science/sections/marine-megafauna,0.320735687,1.983674483,2.9828074,2.74,3,www.frontiersin.org
link.springer.com/article/10.1007/s00773-017-0459-5,0.410587316,3.999546218,2.893210998,2.74,4,link.springer.com
eurogoos.eu/2014/09/03/esa-globcurrent-project-consultation-meeting-12-13-nov-2014-plymouth-marine-lab,0.409158544,1.886353533,2.795162882,2.74,3,eurogoos.eu
www.jamstec.go.jp/ceist/e/activity/godac/drdg,0.386416105,1.535148135,2.69189964,2.74,3,www.jamstec.go.jp
www.frontiersin.org/articles/10.3389/fmars.2017.00382,0.272759234,2,1.965621823,2.74,1,www.frontiersin.org
www.mdpi.com/2075-4450/7/4/73/htm,0.353171707,2.002875237,3.703537943,2.73,4,www.mdpi.com
www.fao.org/fishery/facp/99/en,0.350626679,2.000145202,2.823683849,2.73,3,www.fao.org
link.springer.com/article/10.1007/s12237-011-9383-9/fulltext.html,0.430074153,1.001398435,1.38979735,2.72,1,link.springer.com
link.springer.com/article/10.1007/s12237-009-9224-2,0.298125017,0.999372779,1.056315093,2.71,1,link.springer.com
www.fao.org/DOCREP/006/X0488E/X0488E00.HTM,0.428970488,1.000000604,3.818146711,2.7,1,www.fao.org
www.fao.org/docrep/006/x0488e/x0488e00.htm,0.428970488,1.000000604,3.818146711,2.7,1,www.fao.org
www.frontiersin.org/journals/655/sections/794,0.399169071,1.98305018,2.676320222,2.7,3,www.frontiersin.org
www.frontiersin.org/journals/marine-science/sections/ocean-engineering-technology-and-solutions-for-the-blue-economy,0.399169071,1.98305018,2.676320222,2.7,3,www.frontiersin.org
www.jamstec.go.jp/e/about/press_release/2007.html,0.343761936,1.949371808,2.408249693,2.7,3,www.jamstec.go.jp
link.springer.com/article/10.1007/s00773-017-0514-2,0.387171678,2.999988356,3.205869639,2.69,1,link.springer.com
www.mdpi.com/2076-3263/8/4,0.607376585,3.976028659,1.379814583,2.69,1,www.mdpi.com
www.jamstec.go.jp/e/about/equipment/ships/shinseimaru.html,0.360123973,1.962856005,2.765626475,2.68,3,www.jamstec.go.jp
www.jamstec.go.jp/e/about/press_release/20131008_2,0.335882553,1.109342355,2.63038462,2.67,3,www.jamstec.go.jp
www.jamstec.go.jp/e/about/press_release/20120712,0.366049033,1.50670639,2.468023932,2.67,3,www.jamstec.go.jp
www.jamstec.go.jp/e/about/press_release/20070914,0.320351608,1.69760371,2.857023493,2.67,3,www.jamstec.go.jp
www.frontiersin.org/article/10.3389/fmars.2016.00017,0.472489759,1.000000831,3.979382395,2.66,1,www.frontiersin.org
www.frontiersin.org/articles/10.3389/fmars.2016.00017,0.472489759,1.000000831,3.979382395,2.66,1,www.frontiersin.org
www.jamstec.go.jp/e/about/press_release/20140625,0.352853977,1.997977552,2.478690696,2.66,3,www.jamstec.go.jp
link.springer.com/article/10.1007/BF02841341,0.365593746,1.639340282,2.305537679,2.66,3,link.springer.com
link.springer.com/article/10.1007/s12237-014-9854-x,0.469913625,2.312704941,1.010606047,2.66,1,link.springer.com
www.mdpi.com/journal/sensors/special_issues/ISPN,0.524174725,3.017669786,3.443049035,2.65,1,www.mdpi.com
www.frontiersin.org/journals/655/sections/832,0.360123973,1.905202524,2.606510737,2.65,3,www.frontiersin.org
www.frontiersin.org/journals/marine-science/sections/deep-sea-environments-and-ecology,0.360123973,1.905202524,2.606510737,2.65,3,www.frontiersin.org
www.jamstec.go.jp/e/about/press_release/20130507,0.411314279,1.051337658,1.40141671,2.65,4,www.jamstec.go.jp
www.mdpi.com/2073-4433/9/3/107/htm,0.383731548,4,1.144642894,2.64,0,www.mdpi.com
www.fao.org/3/y4470e06.htm,0.363752556,1.044165083,3.289387302,2.64,4,www.fao.org
www.jamstec.go.jp/e/about/press_release/20090420,0.524391476,2.078803506,3.183295553,2.64,2.5,www.jamstec.go.jp
www.jamstec.go.jp/ceat/e/mggg,0.37112636,2.008981662,2.981003296,2.64,3,www.jamstec.go.jp
www.jamstec.go.jp/e/about/press_release/20160209_2,0.323567034,2.002018882,2.462313135,2.64,3,www.jamstec.go.jp
link.springer.com/article/10.1007/s12237-013-9731-z,0.35409626,3.837270659,2.005551466,2.64,1,link.springer.com
link.springer.com/article/10.1007/s12237-012-9539-2,0.416142077,1,1.037795374,2.64,0,link.springer.com
link.springer.com/article/10.1007/s12237-007-9012-9,0.338189324,2,2.161085115,2.64,1,link.springer.com
www.fao.org/neareast/news/view/en/c/384422,0.289138126,1.012347107,2.539783592,2.63,3,www.fao.org
www.jamstec.go.jp/e/jamstec_news/20130708,0.370389266,1.63417211,2.203270944,2.63,3,www.jamstec.go.jp
www.fao.org/fishery/facp/101/en,0.343919738,1.999999986,3.342089707,2.63,3,www.fao.org
www.fao.org/docrep/meeting/005/Y8216E.htm,0.267261242,1.223224705,2.924693909,2.63,4,www.fao.org
www.frontiersin.org/journals/marine-science/sections/environmental-informatics,0.361789926,1.898630926,2.718411927,2.63,3,www.frontiersin.org
www.jamstec.go.jp/e/about/press_release/20130514,0.363752556,1.896819649,2.710958295,2.63,3,www.jamstec.go.jp
www.frontiersin.org/articles/10.3389/fmars.2018.00003,0.366042913,4,2.099081164,2.63,1,www.frontiersin.org
link.springer.com/article/10.1007/s12237-011-9428-0/fulltext.html,0.421394073,1.985729908,1.268618049,2.63,2.5,link.springer.com
www.frontiersin.org/journals/655/sections/747,0.319788138,1.99574512,3.119043559,2.62,3,www.frontiersin.org
www.frontiersin.org/journals/marine-science/sections/marine-ecosystem-ecology,0.319788138,1.99574512,3.119043559,2.62,3,www.frontiersin.org
link.springer.com/article/10.1007/s00773-017-0524-0,0.351382111,1.631075957,2.896874175,2.62,3,link.springer.com
www.fao.org/docrep/007/y5519b/y5519b0n.htm,0.356142374,1.999031106,2.422393898,2.62,3,www.fao.org
www.jamstec.go.jp/res/ress/tfujiki,0.380240861,1.98841808,2.29727642,2.62,3,www.jamstec.go.jp
www.frontiersin.org/research-topics/5253,0.336030548,1.97381372,2.27235508,2.62,3,www.frontiersin.org
link.springer.com/article/10.1007/s12237-011-9386-6,0.443408999,1.997021607,1.286367495,2.62,1,link.springer.com
www.fao.org/docrep/009/a0699e/A0699E08.htm,0.370371873,1.999144736,3.476162858,2.61,4,www.fao.org
link.springer.com/article/10.1007/s12237-017-0273-7,0.433016795,1.040863875,3.216766911,2.61,4,link.springer.com
www.data.gov/ocean/page/1,0.329576531,1.875629727,2.351621976,2.61,2.5,www.data.gov
www.frontiersin.org/articles/10.3389/fmars.2018.00087,0.358259688,2.175779827,1.438308576,2.61,1,www.frontiersin.org
link.springer.com/article/10.1007/s12237-014-9862-x/fulltext.html,0.413346906,1.999997486,2.229907685,2.6,1,link.springer.com
www.omicsonline.org/open-access/a-survey-of-the-benthic-microfauna-of-the-marine-ecosystem-on-iris1-oil-platform-at-the-cape-skirring-in-casamance-senegal-2150-3508-1000234-96462.html,0.46780844,1.000000477,1.917104385,2.6,1,www.omicsonline.org
www.omicsonline.org/open-access/assess-and-prioritize-the-problems-related-postharvest-management-of-horticultural-crops-in-jimma-town-the-case-of-bishishe-market-2376-0214-1000168-97984.html,0.498846596,1.027381742,1.441619743,2.6,1,www.omicsonline.org
link.springer.com/article/10.1007/s12237-013-9586-3,0.499293865,1.008440234,1.091746713,2.6,1,link.springer.com
link.springer.com/article/10.1007/s12237-013-9699-8/fulltext.html,0.399279374,1.000164964,0.982335011,2.6,0,link.springer.com
link.springer.com/article/10.1007/s12237-009-9210-8/fulltext.html,0.485013134,1.000000771,3.495854694,2.59,1,link.springer.com
link.springer.com/article/10.1007/s12237-017-0242-1/fulltext.html,0.435695072,1.000000002,3.248867159,2.59,2.5,link.springer.com
www.jamstec.go.jp/ceat/e/szmrg,0.352317755,1.000000044,3.194376961,2.59,3,www.jamstec.go.jp
www.fao.org/DOCREP/006/Y5025E/y5025e19.htm,0.310226694,1.995292695,3.021390873,2.59,3,www.fao.org
www.jamstec.go.jp/e/about/executives,0.280305955,1.929264337,2.554415721,2.59,3,www.jamstec.go.jp
www.omicsonline.org/proceedings/impact-of-salinity-on-shrimpprawn-farming-household-food-consumption-and-nutritional-outcomes-of-adolescent-girls-at-dif-66003.html,0.370716321,1.129658962,2.204745994,2.59,3,www.omicsonline.org
www.frontiersin.org/articles/10.3389/fmars.2017.00350,0.460631263,2.000000002,2.02661676,2.59,1,www.frontiersin.org
www.frontiersin.org/articles/10.3389/feart.2018.00042,0.363219192,1.620998959,1.649512209,2.59,3,www.frontiersin.org
www.frontiersin.org/articles/10.3389/fmars.2017.00430,0.442275795,2.000000001,3.994698474,2.59,4,www.frontiersin.org
link.springer.com/article/10.1007/BF02696015,0.362330962,1.328517597,3.359971828,2.59,4,link.springer.com
link.springer.com/article/10.2307/1352930,0.331231468,1.710143528,2.908118557,2.59,3,link.springer.com
link.springer.com/article/10.1007/s12237-012-9495-x,0.378355538,1.00013993,2.551896473,2.59,1,link.springer.com
www.data.gov/climate/coastalflooding/coastalflooding-tools,0.286447219,0.999996909,1.312074406,2.59,0,www.data.gov
www.mdpi.com/1424-8220/12/10/13583,0.4114756,1.997571123,2.262245035,2.58,3,www.mdpi.com
www.jamstec.go.jp/e/about/press_release/20150508,0.42764168,1.895416545,3.177047445,2.58,3,www.jamstec.go.jp
www.jamstec.go.jp/e/about/press_release/20160518,0.302371578,0.764813522,2.231000201,2.58,3,www.jamstec.go.jp
www.mdpi.com/1424-8220/14/5/8259/htm,0.509133175,2.000023549,1.404598264,2.58,2.5,www.mdpi.com
www.mdpi.com/1424-8220/14/5/8259/html,0.509133175,2.000023549,1.404598264,2.58,2.5,www.mdpi.com
www.data.gov/developers/government-apis,0.344796375,1.075988137,1.184531037,2.58,2.5,www.data.gov
link.springer.com/article/10.1007/BF02732761,0.294758147,1.688200529,3.107631573,2.57,3,link.springer.com
www.jamstec.go.jp/e/whatsnew/2015.html,0.277340016,2.000000056,2.949336837,2.57,3,www.jamstec.go.jp
www.jamstec.go.jp/jcoml/c1about.html,0.31187247,1.69473343,2.873659446,2.57,3.5,www.jamstec.go.jp
www.frontiersin.org/articles/10.3389/fmars.2018.00088,0.351369547,1.047119531,2.705668345,2.57,1,www.frontiersin.org
www.jamstec.go.jp/jcoml/c4outreach.html,0.246031746,1.816678074,3.504535613,2.57,4,www.jamstec.go.jp
www.fao.org/DOCREP/005/X0325T/X0325T00.HTM,0.265050705,1.918797974,3.231246888,2.57,3,www.fao.org
www.jamstec.go.jp/e/about/equipment/observe/atomosphere.html,0.383984764,1.046470239,2.512012304,2.57,3,www.jamstec.go.jp
www.frontiersin.org/journals/marine-science/sections/marine-biotechnology,0.274730096,1.99975637,3.057772976,2.56,3,www.frontiersin.org
www.jamstec.go.jp/e/about/intercollabo,0.379544819,1.000002586,2.850310128,2.56,3,www.jamstec.go.jp
www.frontiersin.org/journals/marine-science/sections/coral-reef-research,0.331292175,1.936051872,2.691193335,2.56,3,www.frontiersin.org
www.jamstec.go.jp/teams/e/publication.html,0.383990859,2.000167125,2.970360496,2.55,4,www.jamstec.go.jp
link.springer.com/article/10.1007/s12237-016-0099-8/fulltext.html,0.402543685,1,0.995681123,2.55,0,link.springer.com
www.fao.org/docrep/007/y5808e/y5808e09.htm,0.498204166,1.985685099,3.07734894,2.55,4,www.fao.org
www.jamstec.go.jp/e/about/press_release/2005/20050328,0.43709042,1.186183981,1.424531401,2.55,4,www.jamstec.go.jp
www.jamstec.go.jp/e/about/press_release/20110305,0.283510234,1.003563401,1.862630663,2.54,4,www.jamstec.go.jp
www.fao.org/docrep/009/a0337e/A0337E12.htm,0.401931252,1.941268249,1.686545117,2.54,4,www.fao.org
link.springer.com/article/10.1007/BF02841388,0.388146237,1.981426473,1.457654952,2.54,1,link.springer.com
www.omicsonline.org/open-access/measuring-sustainability-of-turkish-coastal-regions-based-on-quality-coast-indicators-by-local-experts-evaluation-2473-3350-1000449-94862.html,0.324645032,0.999087658,1.141093827,2.53,1,www.omicsonline.org
www.fao.org/fishery/topic/16063/en,0.387298335,1.023921712,3.067612157,2.52,4,www.fao.org
www.fao.org/fishery/xml/topic/16204/en,0.329490028,2.064623845,3.46196312,2.52,4,www.fao.org
www.omicsonline.org/editor-profile/Giulia_GUERRIERO,0.316585799,1.594198251,2.819767594,2.52,3,www.omicsonline.org
www.fao.org/neareast/news/view/fr/c/384422,0.278093865,0.984482998,2.612264535,2.52,3,www.fao.org
www.fao.org/docrep/003/x6951e/x6951e07.htm,0.322329186,0.51503807,1.933214205,2.52,3,www.fao.org
www.fao.org/legal/development-law/newsletter-2-1/en,0.334076552,1.57841365,1.91018385,2.52,2,www.fao.org
www.mdpi.com/1424-8220/18/3/820/html,0.461481667,3.999999265,3.934382594,2.52,1,www.mdpi.com
www.fao.org/docrep/007/y5456t/y5456t02.htm,0.258050115,0.900744793,3.114452697,2.52,3.5,www.fao.org
www.fao.org/docrep/007/y5456t/y5456t03.htm,0.263180678,0.850986705,3.053969207,2.52,3.5,www.fao.org
www.fao.org/3/y3536e0g.htm,0.364746804,2.512185272,3.118868526,2.51,4,www.fao.org
www.fao.org/docrep/meeting/006/y9859e/Y9859e07b.htm,0.394820459,1.083730652,3.22894594,2.51,4,www.fao.org
www.fao.org/docrep/005/y2793e/y2793e04.htm,0.314534743,0.367701123,2.983098322,2.51,3,www.fao.org
www.fao.org/docrep/008/y5936e/y5936e08.htm,0.483933918,1.999889555,2.948943233,2.5,1,www.fao.org
www.mdpi.com/journal/ijgi/special_issues/renewable-energy-ijgi,0.362950439,1.994320354,2.4252648,2.5,3,www.mdpi.com
www.omicsonline.org/open-access/evaluation-of-diversity-and-conservation-status-of-matricaria-chamomilla-l-and-matricaria-aurea-loefl-sch-bip-in-lebanon-2332-2543-1000206-97687.html,0.472087301,2,1.355702674,2.5,4,www.omicsonline.org
www.mdpi.com/1424-8220/16/7/1072/html,0.560811835,4,3.534586086,2.49,1,www.mdpi.com
www.mdpi.com/1424-8220/17/8/1851/htm,0.362221756,4,3.194137206,2.49,4,www.mdpi.com
www.omicsonline.org/author-profile/nazrul-islam-m-222142,0.34326943,1.897362853,2.594361857,2.49,3,www.omicsonline.org
www.fao.org/docrep/008/y5936e/y5936e06.htm,0.290837525,1.470513627,2.740208826,2.49,4,www.fao.org
www.fao.org/DOCREP/006/x1452e/x1452e00.HTM,0.430353438,2.795303323,3.478524619,2.48,2.5,www.fao.org
www.omicsonline.org/proceedings/marine-algae-based-cosmetics-9516.html,0.285545772,1.452523357,3.168040522,2.48,3,www.omicsonline.org
www.omicsonline.org/scholarly/seaweed-journals-articles-ppts-list.php,0.290864012,1.463955016,3.105806262,2.48,3,www.omicsonline.org
www.omicsonline.org/author-profile/atus-syahbudin-217058,0.320469627,1.324496202,2.852192921,2.48,3,www.omicsonline.org
www.omicsonline.org/author-profile/budiadi--217057,0.320469627,1.324496202,2.852192921,2.48,3,www.omicsonline.org
www.omicsonline.org/author-profile/eny-faridah-217056,0.320469627,1.324496202,2.852192921,2.48,3,www.omicsonline.org
www.omicsonline.org/editor-profile/Michael_Bernard_Kwesi_Darkoh,0.323133524,1.348974792,2.797887947,2.48,3,www.omicsonline.org
www.fao.org/docrep/009/a0962e/a0962e00.htm,0.314970394,0.698454695,2.438706437,2.48,4,www.fao.org
www.fao.org/docrep/008/a0008e/a0008e0k.htm,0.269822746,1.99527603,3.459209715,2.47,3,www.fao.org
www.omicsonline.org/universities/East_China_Normal_University,0.316408623,1.857724087,2.496920558,2.47,3,www.omicsonline.org
www.omicsonline.org/proceedings/nutritional-evaluation-of-whole-root-and-tuber-crops-as-livestock-feed-48143.html,0.340080976,0.890036868,2.29331104,2.47,3,www.omicsonline.org
www.mdpi.com/1424-8220/16/3/387/htm,0.509950463,2.999999904,2.149827099,2.46,1,www.mdpi.com
www.omicsonline.org/editor-profile/Terry_Brandebourg,0.337184038,0.958352266,2.285041747,2.46,3,www.omicsonline.org
www.omicsonline.org/universities/University_of_Sao_Paulo,0.22423153,2.000008128,2.983605578,2.45,3,www.omicsonline.org
www.omicsonline.org/editor-profile/Ming_Fan,0.317837078,1.254520208,2.40017029,2.45,3,www.omicsonline.org
www.omicsonline.org/proceedings/a-systemic-review-of-studies-investigating-moringa-oleifera-leaf-meal-as-a-feed-for-livestock-48152.html,0.363539525,1.977519296,2.314963875,2.45,3,www.omicsonline.org
www.omicsonline.org/proceedings/a-systemic-review-of-studies-investigating-moringa-oleifera-leaf-meal-as-a-feed-for-livestock-48153.html,0.363539525,1.977519296,2.314963875,2.45,3,www.omicsonline.org
www.data.gov/community/webinar-vessel-tracking-data-used-ocean-planning,0.31984409,1.344688124,1.993838906,2.44,2.5,www.data.gov
www.data.gov/maritime/highlights,0.24743583,1.191679492,3.192812651,2.44,3,www.data.gov
www.omicsonline.org/scholarly/sea-grass-journals-articles-ppts-list.php,0.310610392,2,2.915544509,2.44,3,www.omicsonline.org
www.omicsonline.org/editor-profile/Mikhail_Igorevich_Panasyuk,0.356966447,0.645672387,2.192204129,2.44,3,www.omicsonline.org
www.omicsonline.org/editorinchief-coastal-development-open-access.php,0.323079597,0.834003559,2.445107718,2.43,3,www.omicsonline.org
www.omicsonline.org/proceedings/paenibacillus-sp-nov-isolated-from-animal-complete-feed-48158.html,0.33995562,0.862880477,2.332336702,2.43,3,www.omicsonline.org
www.data.gov/ocean/webinar-vessel-tracking-data-used-ocean-planning,0.307562343,1.531961652,2.003700746,2.43,2.5,www.data.gov
www.omicsonline.org/editor-profile/Stephen_Anthony_Raverty,0.351573268,0.936582394,2.31287584,2.42,3,www.omicsonline.org
www.mdpi.com/1424-8220/14/4/7156/html,0.311569804,1.885571871,3.190462503,2.41,3,www.mdpi.com
www.omicsonline.org/author-profile/orisasona-o--247308,0.344555131,1.032930375,2.284601327,2.41,3,www.omicsonline.org
www.omicsonline.org/author-profile/orisasona-o--247323,0.344555131,1.032930375,2.284601327,2.41,3,www.omicsonline.org
www.omicsonline.org/author-profile/kareem-ok--247319,0.350967011,0.92534075,2.324417045,2.41,3,www.omicsonline.org
www.omicsonline.org/author-profile/olanrewaju-an--247302,0.350967011,0.92534075,2.324417045,2.41,3,www.omicsonline.org
www.omicsonline.org/author-profile/kumar-b-205224,0.329485651,1.844941286,2.941864899,2.4,3,www.omicsonline.org
www.omicsonline.org/author-profile/kumar-s-205217,0.333726311,1.859612117,2.841889168,2.4,3,www.omicsonline.org
www.omicsonline.org/author-profile/sharma-p-205230,0.333726311,1.859612117,2.841889168,2.4,3,www.omicsonline.org
www.omicsonline.org/author-profile/gupta-ak-205212,0.342356236,1.721722906,2.794891182,2.39,3,www.omicsonline.org
www.mdpi.com/1424-8220/14/6/11245/html,0.464238345,3.999999213,2.238038703,2.39,1,www.mdpi.com
www.omicsonline.org/author-profile/al-baroudi-bm-227428,0.354168802,0.797157082,2.178402436,2.39,3,www.omicsonline.org
www.omicsonline.org/author-profile/el-zeedy-sa-227426,0.354168802,0.797157082,2.178402436,2.39,3,www.omicsonline.org
www.omicsonline.org/author-profile/haque-me-207400,0.354168802,0.797157082,2.178402436,2.39,3,www.omicsonline.org
www.omicsonline.org/author-profile/hossain-mz-207403,0.354168802,0.797157082,2.178402436,2.39,3,www.omicsonline.org
www.omicsonline.org/author-profile/zaifada-au-227441,0.354168802,0.797157082,2.178402436,2.39,3,www.omicsonline.org
www.omicsonline.org/editor-profile/Zhengguo_Xiao,0.354168802,0.797157082,2.178402436,2.39,3,www.omicsonline.org
www.omicsonline.org/author-profile/ming-yang-198796,0.334277225,0.938486453,2.255862137,2.38,3,www.omicsonline.org
www.data.gov/climate/tribal-nations/tools-natives-arctic,0.364851865,1.750216056,2.730852205,2.35,2.5,www.data.gov
www.mdpi.com/1424-8220/8/5,0.546080974,4,3.034308415,2.33,1,www.mdpi.com
www.mdpi.com/2072-4292/10/2/259/htm,0.418522456,2.000004527,2.169217199,2.33,0,www.mdpi.com
www.mdpi.com/2220-9964/5/6/81/htm,0.401355375,4,3.000005077,2.28,3.5,www.mdpi.com
www.data.gov/community/webinar-using-participatory-gis-map-ocean-uses-mid-atlantic,0.287543071,1.53035573,2.292872366,2.28,2,www.data.gov
www.mdpi.com/2072-4292/10/2/353/htm,0.403981093,4,2.690167583,2.26,1,www.mdpi.com
www.data.gov/ocean/webinar-using-participatory-gis-map-ocean-uses-mid-atlantic,0.278886676,1.681776129,2.314657664,2.26,4,www.data.gov
www.data.gov/maritime,0.330861111,2.009211021,3.413718878,2.24,3.5,www.data.gov
www.mdpi.com/2220-9964/6/3/62/htm,0.474312005,3,1.367275229,2.24,3,www.mdpi.com
www.mdpi.com/rss/journal/antibiotics,0.458725896,3,1.034455123,2.24,1,www.mdpi.com
www.mdpi.com/1424-8220/16/1/53/htm,0.264708341,4,3.308403854,2.2,3,www.mdpi.com
www.mdpi.com/2220-9964/5/12/224/htm,0.395946403,4,1.815184668,2.2,1,www.mdpi.com
www.data.gov/issues,0.395144676,1.043608197,1.499559393,2.19,1,www.data.gov
www.mdpi.com/2072-4292/10/5/675/htm,0.354143247,4,0.950266139,2.19,2.5,www.mdpi.com
www.mdpi.com/1424-8220/8/5/3335,0.440567111,2.548156023,3.102202632,2.18,1,www.mdpi.com
www.mdpi.com/1424-8220/8/5/3335/xml,0.440567111,2.548156023,3.102202632,2.18,1,www.mdpi.com
www.mdpi.com/2072-4292/9/9/948/htm,0.361635397,4,0.957716454,2.18,2.5,www.mdpi.com
www.mdpi.com/journal/algorithms/special_issues/Modeling_Computing,0.363480236,2.000629396,2.569447061,2.16,3,www.mdpi.com
www.data.gov/ocean/page/regional-planning/south-atlantic,0.351605423,1.427486241,2.339845194,2.16,1,www.data.gov
www.data.gov/ocean/south-atlantic,0.351605423,1.427486241,2.339845194,2.16,1,www.data.gov
www.data.gov/maritime/p24587094,0.37718916,1.976864905,2.041571064,2.16,2,www.data.gov
www.mdpi.com/2220-9964/4/3/1142/htm,0.39161377,2.000127033,1.498344052,2.16,0,www.mdpi.com
www.mdpi.com/1424-8220/11/3/2885,0.309035023,2.48927114,3.105294834,2.15,3,www.mdpi.com
www.mdpi.com/rss/journal/systems,0.245246189,4,1.431873555,2.14,3,www.mdpi.com
www.mdpi.com/1424-8220/14/5/8485/htm,0.333469339,3.011791703,3.205243796,2.13,1,www.mdpi.com
www.mdpi.com/1999-4893/8/3/529/htm,0.534522484,2.000565026,2.208012001,2.13,1,www.mdpi.com
www.data.gov/issues/request-id/566479,0.377964473,0.48106385,1.849287055,2.122857143,3,www.data.gov
www.mdpi.com/2072-4292/9/7/734/htm,0.474312005,4,2.874463871,2.12,2.5,www.mdpi.com
www.mdpi.com/2075-4450/8/4/104/htm,0.432815151,2.002922605,1.937241695,2.12,1,www.mdpi.com
www.mdpi.com/2220-9964/4/3/1076/htm,0.34456515,4,2.997465188,2.12,3,www.mdpi.com
www.data.gov/ocean/northeast,0.256978084,1.79018837,2.218989102,2.08,1,www.data.gov
www.data.gov/ocean/page/regional-planning/northeast,0.256978084,1.79018837,2.218989102,2.08,1,www.data.gov
www.data.gov/ocean/gulf-of-mexico,0.325669474,1.34816218,2.206662242,2.05,3,www.data.gov
www.data.gov/ocean/page/regional-planning/gulf-of-mexico,0.325669474,1.34816218,2.206662242,2.05,3,www.data.gov
www.data.gov/maritime/page/1,0.363803438,1.964425497,2.286280896,2.04,3,www.data.gov
www.data.gov/climate/ecosystem-vulnerability/ecosystem-vulnerability-tools,0.349618936,0.935262087,2.163266959,2.03,1,www.data.gov
www.data.gov/ocean/pacific-islands,0.262071209,1.329426063,2.170744038,2.02,1,www.data.gov
www.data.gov/ocean/page/regional-planning/pacific-islands,0.262071209,1.329426063,2.170744038,2.02,1,www.data.gov
www.data.gov/ocean/caribbean,0.325407013,1.984158991,2.269232214,2,2,www.data.gov
www.data.gov/ocean/page/regional-planning/caribbean,0.325407013,1.984158991,2.269232214,2,2,www.data.gov
www.journals.elsevier.com:443/probabilistic-engineering-mechanics/most-downloaded-articles,0.265626601,0.618942121,2.104031666,1.974,3,www.journals.elsevier.com
www.data.gov/climate/tribal-nations/tools-adaptation,0.396942093,0.692216842,2.127245006,1.97,3,www.data.gov
www.journals.elsevier.com:443/probabilistic-engineering-mechanics,0.248371318,1.235879646,2.497609529,1.92,3,www.journals.elsevier.com
www.data.gov/maritime/p24557427,0.32071349,1.123942386,2.243911189,1.87,3,www.data.gov
www.data.gov/maritime/p24907817,0.244902683,1.0964006,3.06755232,1.84,3,www.data.gov
www.data.gov/community/webinar-monitoring-us-ocean-great-lakes-economy,0.28419928,1.920475647,2.262214148,1.817092907,2.5,www.data.gov
www.data.gov/ocean/webinar-monitoring-us-ocean-great-lakes-economy,0.279040459,1.929323555,2.257376839,1.817092907,2.5,www.data.gov
www.data.gov/ocean/federal-data-resources,0.327326835,0.607084777,1.994941604,1.78,3,www.data.gov
www.data.gov/community/new-report-data-categories-for-marine-planning,0.250258665,0.620219374,2.790136875,1.77,3.5,www.data.gov
www.data.gov/meta,0.229511623,1.182157222,3.306987725,1.75,3.5,www.data.gov
www.data.gov/ocean/page/2,0.327326835,0.767468112,2.068273977,1.73,2,www.data.gov
www.data.gov/announcements/marine-geology-data-and-information-viewer,0.315838083,1.923733558,2.489456279,1.700666667,3,www.data.gov
www.data.gov/meta/uncategorized__announcements__marine-geology-data-and-information-viewer,0.315838083,1.923733558,2.489456279,1.700666667,3,www.data.gov
www.data.gov/meta/highlights,0.240039679,1.084308349,3.079783532,1.69,3.5,www.data.gov
www.journals.elsevier.com:443/probabilistic-engineering-mechanics/most-cited-articles,0.310529502,2.034656817,2.158840068,1.670714286,2.5,www.journals.elsevier.com
www.journals.elsevier.com:443/energy-storage-materials/most-cited-articles,0.243657962,1.700934911,2.41044965,1.663547619,3,www.journals.elsevier.com
www.data.gov/ocean/new-report-data-categories-for-marine-planning,0.263624865,0.707209295,2.846955109,1.65,3.5,www.data.gov
www.data.gov/climate/arctic/featured-content,0.333913548,1.597085399,2.065782195,1.56,3,www.data.gov
www.journals.elsevier.com:443/astroparticle-physics/most-cited-articles,0.508000508,4,1.087605491,1.55,1,www.journals.elsevier.com
www.data.gov/ocean/mid-atlantic,0.272974342,1.539586116,2.15154976,1.490512821,1,www.data.gov
www.journals.elsevier.com:443/engineering-fracture-mechanics/imechanica-blog,0.253024038,2.000073457,2.606195524,1.440714286,2.5,www.journals.elsevier.com
www.journals.elsevier.com:443/international-journal-of-adhesion-and-adhesives,0.248371318,0.901355645,2.349108408,1.34,3,www.journals.elsevier.com
www.journals.elsevier.com:443/engineering-failure-analysis,0.231744887,1.738142541,2.61221728,1.3,3,www.journals.elsevier.com
www.journals.elsevier.com:443/methodsx/most-downloaded-articles,0.44474959,2.026729114,2.321249603,1.278928571,3,www.journals.elsevier.com
www.journals.elsevier.com:443/international-journal-of-adhesion-and-adhesives/recent-articles,0.303224816,2.000592408,2.459246388,1.21,3,www.journals.elsevier.com
www.journals.elsevier.com:443/international-journal-of-adhesion-and-adhesives/top-articles,0.239045722,0.605374669,2.298296083,1.21,3,www.journals.elsevier.com
www.journals.elsevier.com:443/applied-thermal-engineering/open-access-articles,0.280305955,0.723043453,1.680763104,1.16,3,www.journals.elsevier.com
www.journals.elsevier.com:443/engineering-fracture-mechanics/news/in-memoriam-robert-wei,0.205315773,0.675364966,2.388335532,1.130714286,3,www.journals.elsevier.com
www.journals.elsevier.com:443/composite-structures,0.29830027,2.000001244,2.804778121,1.127294372,3,www.journals.elsevier.com
www.journals.elsevier.com:443/computers-and-graphics/recent-articles,0.25717225,0.551701855,1.818457385,1.126564103,3,www.journals.elsevier.com
www.journals.elsevier.com:443/space-policy/news/tribute-to-dr-molly-macauley,0.233416341,1.000000404,2.802265315,1.125081419,3,www.journals.elsevier.com
www.journals.elsevier.com:443/ndt-and-e-international/most-cited-articles,0.527506496,4,2.54616347,1.111818182,1,www.journals.elsevier.com
www.journals.elsevier.com:443/probabilistic-engineering-mechanics/recent-articles,0.245255736,0.08203562,2.180318913,1.104714286,3,www.journals.elsevier.com
www.journals.elsevier.com:443/engineering-failure-analysis/editorial-board/mn-james,0.208695968,0.594288225,2.305199909,1.094714286,3,www.journals.elsevier.com
www.journals.elsevier.com:443/computers-and-graphics,0.236202256,0.830269495,1.863815583,1.090952381,3,www.journals.elsevier.com
www.journals.elsevier.com:443/advances-in-engineering-software/most-cited-articles,0.272974342,1.734627046,2.087255065,1.089397436,1,www.journals.elsevier.com
www.journals.elsevier.com:443/econometrics-and-statistics/most-cited-articles,0.327326835,2.001753564,2.095793043,1.045333333,1,www.journals.elsevier.com
www.journals.elsevier.com:443/space-policy,0.253546276,1.000000001,2.748548243,1.039810856,3,www.journals.elsevier.com
www.journals.elsevier.com:443/space-policy/most-cited-articles,0.313043952,1.000000001,3.106117995,1.031818182,3,www.journals.elsevier.com
www.journals.elsevier.com:443/current-opinion-in-toxicology/most-cited-articles,0.32991444,2.000000006,2.495461555,1.024159341,2.5,www.journals.elsevier.com
www.journals.elsevier.com:443/computers-and-fluids/call-for-papers,0.213808994,0.534071626,2.187072529,1.004714286,3,www.journals.elsevier.com
www.journals.elsevier.com:443/acta-astronautica/special-issues,0.263624865,1.000000689,2.286220852,0.996310856,3,www.journals.elsevier.com
www.journals.elsevier.com:443/wear/conferences/2019-wear-of-materials,0.217479418,0.5115818,2.114452498,0.984714286,3,www.journals.elsevier.com
www.journals.elsevier.com:443/space-policy/recent-articles,0.222374795,0.494017083,2.035317188,0.984714286,3,www.journals.elsevier.com
www.journals.elsevier.com:443/icarus/mendeley,0.280305955,0.053682629,2.110519427,0.982532468,3,www.journals.elsevier.com
www.journals.elsevier.com:443/econometrics-and-statistics/recent-articles,0.27235239,1.279803474,2.003897634,0.976159341,3,www.journals.elsevier.com
www.journals.elsevier.com:443/econometrics-and-statistics/editorial-board,0.287543071,0.875353937,2.03752281,0.952564103,1,www.journals.elsevier.com
www.journals.elsevier.com:443/hardwarex/mendeley,0.257843977,1.870097928,1.972932624,0.944548951,2.5,www.journals.elsevier.com
www.journals.elsevier.com:443/computational-materials-science/top-articles,0.253546276,1.380159632,2.072475882,0.909397436,1,www.journals.elsevier.com
www.journals.elsevier.com:443/clinical-and-translational-radiation-oncology/top-articles,0.264575131,0.517073706,1.583672838,0.897574204,1,www.journals.elsevier.com
www.journals.elsevier.com:443/data-in-brief/top-articles,0.264575131,0.517073706,1.583672838,0.897574204,1,www.journals.elsevier.com
www.journals.elsevier.com:443/microelectronic-engineering/news/accelerated-publications-letters-is-now-available,0.224544357,1.615742348,2.401706923,0.881112554,3,www.journals.elsevier.com